,nb_code,area,population,lat,lon
0,11226,"Brooklyn, New York",106154,40.64643,-73.956866
1,11373,"Elmhurst, New York",105723,40.737347,-73.878716
2,10021,"New York, New York",102078,40.769742,-73.961653
3,11368,"Corona, New York",98841,40.749407,-73.85278000000001
4,11385,"Ridgewood, New York",97524,40.700671,-73.889433
5,10025,"New York, New York",97086,40.797958,-73.964917
6,11236,"Brooklyn, New York",96301,40.639761,-73.90064
7,10467,"Bronx, New York",94342,40.87742,-73.872597
8,11220,"Brooklyn, New York",92718,40.641307,-74.016251
9,11230,"Brooklyn, New York",88933,40.622104,-73.965118
10,11377,"Woodside, New York",88339,40.744813,-73.90512199999999
11,11208,"Brooklyn, New York",87165,40.669598,-73.87127
12,11234,"Brooklyn, New York",86898,40.61254,-73.894255
13,11207,"Brooklyn, New York",86551,40.670361,-73.89384799999999
14,11219,"Brooklyn, New York",85987,40.632769,-73.99664200000001
15,11212,"Brooklyn, New York",85161,40.662907000000004,-73.91296899999999
16,11211,"Brooklyn, New York",85089,40.713507,-73.952578
17,10002,"New York, New York",84870,40.715952,-73.98586999999999
18,10314,"Staten Island, New York",84821,40.598825,-74.163336
19,11203,"Brooklyn, New York",84498,40.649411,-73.934397
20,11214,"Brooklyn, New York",83546,40.598667999999996,-73.996212
21,11355,"Flushing, New York",83281,40.750122999999995,-73.820977
22,11229,"Brooklyn, New York",80554,40.601293,-73.94449300000001
23,10468,"Bronx, New York",78309,40.868093,-73.89973
24,10458,"Bronx, New York",77840,40.862831,-73.886395
25,11223,"Brooklyn, New York",77691,40.597427,-73.973039
26,11235,"Brooklyn, New York",77451,40.583552000000005,-73.9479
27,10453,"Bronx, New York",76775,40.852779,-73.91233199999999
28,10456,"Bronx, New York",76656,40.830877,-73.907954
29,11221,"Brooklyn, New York",76363,40.691309999999994,-73.92777199999999
30,M2N,Willowdale South,75897,43.7701199,-79.40849279999998
31,10029,"New York, New York",75390,40.792245,-73.94523000000001
32,11204,"Brooklyn, New York",74880,40.618675,-73.984893
33,11218,"Brooklyn, New York",74611,40.643783,-73.975954
34,10452,"Bronx, New York",72138,40.837763,-73.923314
35,10462,"Bronx, New York",72077,40.842822999999996,-73.858861
36,11372,"Jackson Heights, New York",71308,40.751706,-73.883561
37,11375,"Forest Hills, New York",70204,40.722975,-73.843179
38,11209,"Brooklyn, New York",69840,40.622352,-74.03043100000001
39,10457,"Bronx, New York",69048,40.846687,-73.898374
40,11206,"Brooklyn, New York",69032,40.702037,-73.942444
41,10466,"Bronx, New York",68787,40.891039,-73.847226
42,M1B,"Rouge, Malvern",66108,43.8066863,-79.19435340000003
43,10463,"Bronx, New York",65576,40.880678,-73.90654
44,11213,"Brooklyn, New York",65440,40.671034000000006,-73.936357
45,10472,"Bronx, New York",64867,40.82965,-73.86936800000001
46,10032,"New York, New York",63842,40.839194,-73.94259100000001
47,11225,"Brooklyn, New York",63774,40.662236,-73.958951
48,10701,"Yonkers, New York",63715,40.94525,-73.88114499999999
49,10469,"Bronx, New York",63345,40.867849,-73.84514
50,11215,"Brooklyn, New York",63001,40.662688,-73.98674
51,11746,"Huntington Station, New York",62828,40.814268,-73.362276
52,11210,"Brooklyn, New York",62308,40.628049,-73.946278
53,10023,"New York, New York",62206,40.775394,-73.982197
54,11233,"Brooklyn, New York",61955,40.678089,-73.91986700000001
55,10024,"New York, New York",61414,40.786307,-73.970694
56,11706,"Bay Shore, New York",60460,40.720471,-73.259399
57,10031,"New York, New York",60221,40.825857,-73.949451
58,10128,"New York, New York",59856,40.781656,-73.950281
59,11434,"Jamaica, New York",59142,40.676808,-73.776425
60,11550,"Hempstead, New York",59022,40.702731,-73.623226
61,10312,"Staten Island, New York",58867,40.547290999999994,-74.179264
62,10009,"New York, New York",58595,40.726622,-73.978955
63,M2J,"Fairview, Henry Farm, Oriole",58293,43.7785175,-79.3465557
64,10033,"New York, New York",58259,40.849123999999996,-73.935956
65,11432,"Jamaica, New York",57045,40.71522,-73.793188
66,11691,"Far Rockaway, New York",56184,40.600774,-73.757824
67,10027,"New York, New York",56168,40.811407,-73.953564
68,10473,"Bronx, New York",56166,40.817685,-73.858576
69,M9V,"Albion Gardens, Beaumond Heights, Humbergate, Jamestown, Mount Olive, Silverstone, South Steeles, Thistletown",55959,43.7394164,-79.5884369
70,11216,"Brooklyn, New York",55775,40.680854,-73.94914399999999
71,10306,"Staten Island, New York",55698,40.569755,-74.122141
72,11758,"Massapequa, New York",54933,40.662298,-73.45841300000001
73,M1V,"Agincourt North, L'Amoreaux East, Milliken, Steeles East",54680,43.8152522,-79.2845772
74,11354,"Flushing, New York",54329,40.768208,-73.827403
75,11435,"Jamaica, New York",53877,40.701408,-73.80981700000001
76,10460,"Bronx, New York",53707,40.842724,-73.879745
77,10003,"New York, New York",53673,40.731856,-73.989145
78,11717,"Brentwood, New York",51485,40.783955,-73.252256
79,10016,"New York, New York",51217,40.744983000000005,-73.978262
80,11224,"Brooklyn, New York",51205,40.577257,-73.989762
81,10461,"Bronx, New York",49808,40.847409000000006,-73.841403
82,10977,"Spring Valley, New York",49211,41.11892,-74.048158
83,M5V,"CN Tower, Bathurst Quay, Island airport, Harbourfront West, King and Spadina, Railway Lands, South Niagara",49195,43.6289467,-79.3944199
84,11238,"Brooklyn, New York",48965,40.678424,-73.963874
85,11237,"Brooklyn, New York",48910,40.704159999999995,-73.921139
86,11419,"South Richmond Hill, New York",48867,40.688685,-73.82288199999999
87,M1W,L'Amoreaux West,48471,43.79952520000001,-79.3183887
88,M1K,"East Birchmount Park, Ionview, Kennedy Park",48434,43.7279292,-79.26202940000002
89,11201,"Brooklyn, New York",47746,40.693682,-73.989693
90,M1E,"Guildwood, Morningside, West Hill",46943,43.7635726,-79.1887115
91,M4C,Woodbine Heights,46866,43.69534390000001,-79.3183887
92,10011,"New York, New York",46669,40.741844,-74.000711
93,10040,"New York, New York",46599,40.858134,-73.92903100000001
94,11757,"Lindenhurst, New York",46458,40.689587,-73.373856
95,M1P,"Dorset Park, Scarborough Town Centre, Wexford Heights",45571,43.7574096,-79.27330400000002
96,11420,"South Ozone Park, New York",45498,40.673525,-73.817771
97,10028,"New York, New York",44987,40.776865,-73.95472099999999
98,M6H,"Dovercourt Village, Dufferin",44950,43.66900510000001,-79.4422593
99,11103,"Astoria, New York",44321,40.762634000000006,-73.913156
100,11374,"Rego Park, New York",44189,40.726219,-73.861264
101,11520,"Freeport, New York",44026,40.650851,-73.584575
102,11756,"Levittown, New York",43952,40.724567,-73.51633299999999
103,11370,"East Elmhurst, New York",43142,40.765370000000004,-73.893132
104,11106,"Astoria, New York",43130,40.762211,-73.931528
105,10940,"Middletown, New York",42860,41.446544,-74.478741
106,11590,"Westbury, New York",42507,40.756284,-73.570247
107,10465,"Bronx, New York",42500,40.826285,-73.822762
108,M6M,"Del Ray, Keelesdale, Mount Dennis, Silverthorn",42434,43.6911158,-79.47601329999998
109,11105,"Astoria, New York",42117,40.778997,-73.906847
110,M3N,Downsview Northwest,41958,43.7616313,-79.52099940000002
111,11772,"Patchogue, New York",41913,40.771471000000005,-72.995182
112,10034,"New York, New York",41756,40.869208,-73.921929
113,11365,"Fresh Meadows, New York",41566,40.738856,-73.792528
114,11743,"Huntington, New York",41566,40.878516999999995,-73.426767
115,M6N,"The Junction North, Runnymede",41243,43.67318529999999,-79.48726190000002
116,11228,"Brooklyn, New York",41172,40.616863,-74.013196
117,M5A,"Harbourfront, Regent Park",41078,43.6542599,-79.3606359
118,10451,"Bronx, New York",40961,40.822092,-73.922612
119,M6K,"Brockton, Exhibition Place, Parkdale Village",40957,43.6368472,-79.42819140000002
120,M2R,Willowdale West,40792,43.7827364,-79.4422593
121,M9W,Northwest,40684,43.7067483,-79.5940544
122,11003,"Elmont, New York",40507,40.699176,-73.70616600000001
123,11704,"West Babylon, New York",40114,40.717504,-73.358203
124,M6P,"High Park, The Junction South",40035,43.6616083,-79.46476329999999
125,11413,"Springfield Gardens, New York",39827,40.669292999999996,-73.750553
126,11561,"Long Beach, New York",39582,40.589061,-73.651049
127,11357,"Whitestone, New York",39491,40.786415000000005,-73.810924
128,11801,"Hicksville, New York",39449,40.762304,-73.524452
129,11222,"Brooklyn, New York",39360,40.728367,-73.945427
130,11779,"Ronkonkoma, New York",39321,40.812431,-73.116108
131,11040,"New Hyde Park, New York",39157,40.744765,-73.680072
132,M3C,"Flemingdon Park, Don Mills South",39153,43.72589970000001,-79.340923
133,10583,"Scarsdale, New York",39091,40.988682,-73.789204
134,10459,"Bronx, New York",39080,40.825558,-73.893156
135,10304,"Staten Island, New York",38972,40.603589,-74.10247700000001
136,10301,"Staten Island, New York",38805,40.627456,-74.09440699999999
137,10950,"Monroe, New York",38791,41.317294,-74.19753
138,11358,"Flushing, New York",38647,40.760467,-73.796418
139,10305,"Staten Island, New York",38450,40.596691,-74.074866
140,M9C,"Bloordale Gardens, Eringate, Markland Wood, Old Burnhamthorpe",38291,43.6435152,-79.57720079999999
141,10550,"Mount Vernon, New York",38284,40.905448,-73.83525300000001
142,11367,"Flushing, New York",38216,40.730621,-73.82285999999999
143,10705,"Yonkers, New York",38115,40.919705,-73.889928
144,10475,"Bronx, New York",38086,40.875265999999996,-73.826037
145,M6E,Caledonia-Fairbanks,38041,43.6890256,-79.453512
146,M8V,"Humber Bay Shores, Mimico South, New Toronto",37975,43.6056466,-79.50132070000002
147,M1S,Agincourt,37769,43.7942003,-79.26202940000002
148,11580,"Valley Stream, New York",37759,40.6749,-73.70215400000001
149,11421,"Woodhaven, New York",37664,40.693633,-73.858513
150,10455,"Bronx, New York",37465,40.814678,-73.908333
151,11554,"East Meadow, New York",37458,40.720115,-73.558861
152,11412,"Saint Albans, New York",37452,40.696878000000005,-73.76026
153,M3H,"Bathurst Manor, Downsview North, Wilson Heights",37011,43.7543283,-79.4422593
154,M1J,Scarborough Village,36699,43.7447342,-79.23947609999998
155,11418,"Richmond Hill, New York",36571,40.700101000000004,-73.83590799999999
156,10801,"New Rochelle, New York",36322,40.91757,-73.784858
157,10573,"Port Chester, New York",36300,41.018087,-73.679179
158,11102,"Astoria, New York",36291,40.772884000000005,-73.926295
159,11369,"East Elmhurst, New York",36110,40.763513,-73.871961
160,10019,"New York, New York",36012,40.766331,-73.985013
161,M4J,East Toronto,35738,43.685347,-79.3381065
162,M1C,"Highland Creek, Rouge Hill, Port Union",35626,43.7845351,-79.16049709999999
163,11205,"Brooklyn, New York",35622,40.696771000000005,-73.967061
164,11566,"Merrick, New York",35606,40.651637,-73.551927
165,M9A,Islington Avenue,35594,43.6678556,-79.53224240000002
166,11217,"Brooklyn, New York",35353,40.682306,-73.978099
167,M1L,"Clairlea, Golden Mile, Oakridge",35081,43.7111117,-79.2845772
168,10454,"Bronx, New York",34976,40.805528,-73.91663199999999
169,11787,"Smithtown, New York",34794,40.852924,-73.21126
170,M3A,Parkwoods,34615,43.7532586,-79.3296565
171,M1T,"Clarks Corners, Sullivan, Tam O'Shanter",34588,43.7816375,-79.3043021
172,11364,"Oakland Gardens, New York",34539,40.74562,-73.757537
173,11722,"Central Islip, New York",34491,40.785083,-73.192931
174,11710,"Bellmore, New York",34463,40.675775,-73.535668
175,M6S,"Runnymede, Swansea",34299,43.6515706,-79.4844499
176,11378,"Maspeth, New York",34053,40.724744,-73.909639
177,M9R,"Kingsview Village, Martin Grove Gardens, Richview Gardens, St. Phillips",33743,43.6889054,-79.55472440000001
178,11231,"Brooklyn, New York",32974,40.677915999999996,-74.005154
179,11793,"Wantagh, New York",32753,40.650294,-73.514561
180,10035,"New York, New York",32702,40.795487,-73.929501
181,M6J,"Little Portugal, Trinity",32684,43.647926700000006,-79.4197497
182,10014,"New York, New York",32667,40.733471,-74.007098
183,M4L,"The Beaches West, India Bazaar",32640,43.6689985,-79.31557159999998
184,M9B,"Cloverdale, Islington, Martin Grove, Princess Gardens, West Deane Park",32400,43.6509432,-79.55472440000001
185,11510,"Baldwin, New York",32346,40.653614000000005,-73.60905600000001
186,M2M,"Newtonbrook, Willowdale",32320,43.789053,-79.40849279999998
187,11735,"Farmingdale, New York",32159,40.734243,-73.4286
188,M6G,Christie,32086,43.669542,-79.4225637
189,10952,"Monsey, New York",31947,41.116209999999995,-74.07888100000001
190,M4K,"The Danforth West, Riverdale",31583,43.6795571,-79.352188
191,11731,"East Northport, New York",31250,40.862927,-73.316829
192,11572,"Oceanside, New York",31241,40.630521,-73.637745
193,11423,"Hollis, New York",31240,40.717252,-73.768879
194,10956,"New City, New York",31071,41.156331,-73.99410999999999
195,10562,"Ossining, New York",31035,41.1923,-73.833984
196,10022,"New York, New York",30642,40.758615,-73.967752
197,M4Y,Church and Wellesley,30472,43.6658599,-79.38315990000002
198,11422,"Rosedale, New York",30449,40.63203,-73.766051
199,10026,"New York, New York",30377,40.80232,-73.952943
200,M1R,"Maryvale, Wexford",29858,43.7500715,-79.2958491
201,M1G,Woburn,29690,43.7709921,-79.21691740000001
202,11104,"Sunnyside, New York",29506,40.744515,-73.920457
203,11725,"Commack, New York",29412,40.840996000000004,-73.280948
204,10598,"Yorktown Heights, New York",29368,41.286807,-73.798823
205,11361,"Bayside, New York",29206,40.76437,-73.771869
206,10704,"Yonkers, New York",29158,40.919729,-73.862651
207,11379,"Middle Village, New York",28984,40.715488,-73.87949
208,11417,"Ozone Park, New York",28607,40.676342,-73.844595
209,11050,"Port Washington, New York",28545,40.839895,-73.693128
210,M6B,Glencairn,28522,43.709577,-79.44507259999997
211,11433,"Jamaica, New York",28435,40.698135,-73.787009
212,11729,"Deer Park, New York",28280,40.762698,-73.321445
213,11414,"Howard Beach, New York",28121,40.658217,-73.84482
214,11720,"Centereach, New York",28105,40.869907,-73.081937
215,11741,"Holbrook, New York",27857,40.794354,-73.069968
216,11570,"Rockville Centre, New York",27827,40.665341,-73.638921
217,11803,"Plainview, New York",27767,40.7817,-73.473035
218,11232,"Brooklyn, New York",27723,40.655827,-74.00682900000001
219,11542,"Glen Cove, New York",27693,40.869659999999996,-73.628113
220,11429,"Queens Village, New York",27647,40.709680999999996,-73.738399
221,10309,"Staten Island, New York",27207,40.530846999999994,-74.22117800000001
222,11795,"West Islip, New York",27127,40.708202,-73.303076
223,10541,"Mahopac, New York",26693,41.376999999999995,-73.75383000000001
224,M4S,Davisville,26506,43.7043244,-79.3887901
225,M5R,"The Annex, North Midtown, Yorkville",26496,43.6727097,-79.40567840000001
226,11530,"Garden City, New York",26482,40.728551,-73.631351
227,10308,"Staten Island, New York",26451,40.551235999999996,-74.150961
228,11784,"Selden, New York",26411,40.869063,-73.040402
229,10010,"New York, New York",26408,40.739121999999995,-73.982363
230,11701,"Amityville, New York",26379,40.686412,-73.412398
231,10012,"New York, New York",26000,40.725639,-73.99809
232,M5M,"Bedford Park, Lawrence Manor East",25975,43.7332825,-79.4197497
233,10030,"New York, New York",25847,40.818492,-73.943283
234,11727,"Coram, New York",25603,40.880224,-73.002112
235,11101,"Long Island City, New York",25595,40.746970000000005,-73.93753000000001
236,11001,"Floral Park, New York",25511,40.721416,-73.707982
237,M3J,"Northwood Park, York University",25473,43.7679803,-79.48726190000002
238,10710,"Yonkers, New York",25202,40.967157,-73.846339
239,M9N,Weston,25074,43.706876,-79.51818840000001
240,M4E,The Beaches,25044,43.67635739999999,-79.2930312
241,10013,"New York, New York",25042,40.720067,-74.004829
242,11967,"Shirley, New York",24943,40.805671000000004,-72.879071
243,11010,"Franklin Square, New York",24778,40.700778,-73.675686
244,11763,"Medford, New York",24743,40.823551,-72.980284
245,M4M,Studio District,24689,43.6595255,-79.340923
246,M6C,Humewood-Cedarvale,24596,43.6937813,-79.42819140000002
247,M2H,Hillcrest Village,24497,43.8037622,-79.3634517
248,11762,"Massapequa Park, New York",24471,40.682635,-73.445756
249,11791,"Syosset, New York",24445,40.829724,-73.498525
250,M1H,Cedarbrae,24383,43.773136,-79.23947609999998
251,M3M,Downsview Central,24046,43.7284964,-79.49569740000003
252,10512,"Carmel, New York",23924,41.447747,-73.709884
253,M2K,Bayview Village,23852,43.7869473,-79.385975
254,11416,"Ozone Park, New York",23668,40.684614,-73.849509
255,10303,"Staten Island, New York",23530,40.629884999999994,-74.17413
256,11553,"Uniondale, New York",23452,40.702638,-73.59128299999999
257,10471,"Bronx, New York",23413,40.898117,-73.900227
258,11552,"West Hempstead, New York",23309,40.692979,-73.652416
259,11563,"Lynbrook, New York",23231,40.657306,-73.67414699999999
260,10954,"Nanuet, New York",23189,41.099028999999994,-74.01229599999999
261,11427,"Queens Village, New York",23014,40.729721999999995,-73.7498
262,11714,"Bethpage, New York",23012,40.743967,-73.47998299999999
263,M1M,"Cliffcrest, Cliffside, Scarborough Village West",22913,43.716316,-79.23947609999998
264,11901,"Riverhead, New York",22897,40.924693,-72.648656
265,10310,"Staten Island, New York",22852,40.632515999999995,-74.116461
266,10566,"Peekskill, New York",22441,41.287672,-73.91778599999999
267,11776,"Port Jefferson Station, New York",22440,40.913812,-73.046148
268,10708,"Bronxville, New York",22411,40.937467,-73.83314399999999
269,M9M,"Emery, Humberlea",22263,43.7247659,-79.53224240000002
270,11783,"Seaford, New York",22162,40.673140000000004,-73.491849
271,M1N,"Birch Cliff, Cliffside West",22136,43.692657,-79.2648481
272,10901,"Suffern, New York",21760,41.161496,-74.139021
273,10039,"New York, New York",21737,40.826296,-73.937053
274,11768,"Northport, New York",21676,40.910132,-73.324377
275,10591,"Tarrytown, New York",21590,41.090097,-73.841014
276,M8Y,"Humber Bay, King's Mill Park, Kingsway Park South East, Mimico NE, Old Mill South, The Queensway East, Royal York South East, Sunnylea",21299,43.6362579,-79.49850909999998
277,11411,"Cambria Heights, New York",21282,40.694307,-73.735948
278,M6A,"Lawrence Heights, Lawrence Manor",21048,43.718518,-79.46476329999999
279,11428,"Queens Village, New York",21023,40.72105,-73.742212
280,11415,"Kew Gardens, New York",20956,40.708228999999996,-73.827867
281,M9P,Westmount,20874,43.696319,-79.53224240000002
282,M4X,"Cabbagetown, St. James Town",20822,43.667967,-79.3676753
283,M8W,"Alderwood, Long Branch",20674,43.60241370000001,-79.54348409999999
284,M6L,"Downsview, North Park, Upwood Park",20616,43.71375620000001,-79.4900738
285,11356,"College Point, New York",20444,40.78481,-73.841165
286,10703,"Yonkers, New York",20410,40.957236,-73.881126
287,11733,"East Setauket, New York",20382,40.934181,-73.105889
288,11581,"Valley Stream, New York",20094,40.652229,-73.714706
289,M4P,Davisville North,20039,43.7127511,-79.3901975
290,10552,"Mount Vernon, New York",19948,40.924459999999996,-73.826115
291,M6R,"Parkdale, Roncesvalles",19857,43.6489597,-79.456325
292,M4H,Thorncliffe Park,19688,43.7053689,-79.34937190000002
293,11021,"Great Neck, New York",19623,40.786114000000005,-73.728183
294,10543,"Mamaroneck, New York",19427,40.953742999999996,-73.73618
295,M5P,"Forest Hill North, Forest Hill West",19423,43.6969476,-79.41130720000002
296,11360,"Bayside, New York",19350,40.782352,-73.780749
297,10990,"Warwick, New York",19315,41.269726,-74.366389
298,11694,"Rockaway Park, New York",19278,40.576906,-73.84638100000001
299,11501,"Mineola, New York",19111,40.746062,-73.639285
300,M4G,Leaside,19076,43.7090604,-79.3634517
301,10509,"Brewster, New York",18913,41.42236,-73.58015400000001
302,11754,"Kings Park, New York",18847,40.886865,-73.245725
303,10036,"New York, New York",18751,40.759614,-73.991148
304,11426,"Bellerose, New York",18727,40.736619,-73.72361
305,M4B,"Woodbine Gardens, Parkview Hill",18628,43.7063972,-79.309937
306,11790,"Stony Brook, New York",18374,40.903591999999996,-73.131054
307,M4V,"Deer Park, Forest Hill SE, Rathnelly, South Hill, Summerhill West",18241,43.68641229999999,-79.4000493
308,11436,"Jamaica, New York",18148,40.675266,-73.79656999999999
309,10805,"New Rochelle, New York",17957,40.897721000000004,-73.779258
310,10567,"Cortlandt Manor, New York",17805,41.289545000000004,-73.89703
311,M5T,"Chinatown, Grange Park, Kensington Market",17748,43.6532057,-79.4000493
312,11726,"Copiague, New York",17737,40.678789,-73.395729
313,11362,"Little Neck, New York",17502,40.758401,-73.73342
314,10605,"White Plains, New York",17414,41.007018,-73.744338
315,M3L,Downsview West,17339,43.7390146,-79.5069436
316,10001,"New York, New York",17310,40.750721999999996,-73.997276
317,11030,"Manhasset, New York",17148,40.793409000000004,-73.688549
318,M8Z,"Kingsway Park South West, Mimico NW, The Queensway West, Royal York South West, South of Bloor",17038,43.6288408,-79.52099940000002
319,10037,"New York, New York",16984,40.813159000000006,-73.937352
320,11788,"Hauppauge, New York",16836,40.817677,-73.210123
321,11738,"Farmingville, New York",16811,40.837385999999995,-73.037968
322,10538,"Larchmont, New York",16780,40.937865,-73.75593
323,10580,"Rye, New York",16737,40.978941999999996,-73.69332
324,M5N,Roselawn,16610,43.7116948,-79.41693559999999
325,10302,"Staten Island, New York",16406,40.63082,-74.13784100000001
326,10603,"White Plains, New York",16389,41.057813,-73.77719599999999
327,11703,"North Babylon, New York",16336,40.73267,-73.325925
328,10017,"New York, New York",16201,40.752292,-73.97239300000001
329,11747,"Melville, New York",16152,40.788528,-73.407298
330,11730,"East Islip, New York",16050,40.72068,-73.172384
331,11575,"Roosevelt, New York",15975,40.679763,-73.584023
332,11782,"Sayville, New York",15897,40.753968,-73.099453
333,11692,"Arverne, New York",15893,40.593163,-73.793803
334,10470,"Bronx, New York",15780,40.900965,-73.863998
335,10606,"White Plains, New York",15733,41.020949,-73.775986
336,10038,"New York, New York",15574,40.709336,-74.002943
337,M5S,"Harbord, University of Toronto",15372,43.6626956,-79.4000493
338,M4N,Lawrence Park,15330,43.7280205,-79.3887901
339,10549,"Mount Kisco, New York",15327,41.203948,-73.718025
340,11798,"Wyandanch, New York",15199,40.751870000000004,-73.371077
341,M1X,Upper Rouge,15097,43.836124700000006,-79.20563609999998
342,11751,"Islip, New York",15083,40.733051,-73.212519
343,11702,"Babylon, New York",14975,40.618005,-73.407877
344,11780,"Saint James, New York",14920,40.890431,-73.171453
345,10960,"Nyack, New York",14687,41.092282,-73.925728
346,11004,"Glen Oaks, New York",14682,40.745809,-73.71124
347,11239,"Brooklyn, New York",14620,40.644728,-73.879186
348,11950,"Mastic, New York",14583,40.809045000000005,-72.84722099999999
349,M4W,Rosedale,14561,43.6795626,-79.37752940000001
350,M5J,"Harbourfront East, Toronto Islands, Union Station",14545,43.6408157,-79.38175229999997
351,10965,"Pearl River, New York",14522,41.061482,-74.01590999999999
352,M4A,Victoria Village,14443,43.7258823,-79.31557159999998
353,10804,"New Rochelle, New York",14131,40.946841,-73.788051
354,11767,"Nesconset, New York",13841,40.847753999999995,-73.145703
355,11366,"Fresh Meadows, New York",13366,40.727928999999996,-73.793074
356,M3B,Don Mills North,13324,43.7459058,-79.352188
357,11937,"East Hampton, New York",13289,41.008427000000005,-72.194482
358,11598,"Woodmere, New York",13226,40.631555,-73.71128
359,10941,"Middletown, New York",13118,41.491652,-74.34424
360,11946,"Hampton Bays, New York",12802,40.881714,-72.536582
361,11951,"Mastic Beach, New York",12794,40.767062,-72.838578
362,M5B,"Ryerson, Garden District",12785,43.6571618,-79.37893709999999
363,10980,"Stony Point, New York",12670,41.258097,-74.03015699999999
364,11961,"Ridge, New York",12664,40.893355,-72.877865
365,10520,"Croton On Hudson, New York",12590,41.217976,-73.874882
366,10530,"Hartsdale, New York",12453,41.023711999999996,-73.81281
367,10570,"Pleasantville, New York",12366,41.127957,-73.790628
368,11953,"Middle Island, New York",12364,40.893285,-72.951799
369,10528,"Harrison, New York",12312,40.974752,-73.72577700000001
370,10924,"Goshen, New York",12308,41.381005,-74.352471
371,11577,"Roslyn Heights, New York",12176,40.784638,-73.640578
372,10803,"Pelham, New York",12124,40.899532,-73.805883
373,11742,"Holtsville, New York",12119,40.809944,-73.040545
374,11545,"Glen Head, New York",12073,40.824965999999996,-73.581551
375,11968,"Southampton, New York",12032,40.905916999999995,-72.41565600000001
376,10514,"Chappaqua, New York",12004,41.17233,-73.768948
377,M9L,Humber Summit,11950,43.7563033,-79.56596329999998
378,11576,"Roslyn, New York",11810,40.803242,-73.63748000000001
379,M2L,"Silver Hills, York Mills",11717,43.7574902,-79.37471409999998
380,10307,"Staten Island, New York",11669,40.506815,-74.241709
381,11753,"Jericho, New York",11648,40.788668,-73.541676
382,11778,"Rocky Point, New York",11514,40.939095,-72.92845600000001
383,10918,"Chester, New York",11492,41.344192,-74.26217700000001
384,11755,"Lake Grove, New York",11402,40.858961,-73.120478
385,M4R,North Toronto West,11394,43.7153834,-79.40567840000001
386,11949,"Manorville, New York",11385,40.860476,-72.793791
387,10474,"Bronx, New York",11354,40.810203,-73.884437
388,11518,"East Rockaway, New York",11202,40.638346000000006,-73.66629499999999
389,11693,"Far Rockaway, New York",11157,40.611082,-73.822757
390,11764,"Miller Place, New York",11120,40.934197,-72.97516
391,M8X,"The Kingsway, Montgomery Road, Old Mill North",10787,43.65365360000001,-79.5069436
392,10522,"Dobbs Ferry, New York",10622,41.01031,-73.86374599999999
393,10536,"Katonah, New York",10612,41.29692,-73.729864
394,11596,"Williston Park, New York",10572,40.760589,-73.640783
395,M4T,"Moore Park, Summerhill East",10463,43.6895743,-79.38315990000002
396,10604,"West Harrison, New York",10430,41.052797999999996,-73.73695699999999
397,11716,"Bohemia, New York",10360,40.776697,-73.134857
398,10927,"Haverstraw, New York",10117,41.191052,-73.967562
399,10553,"Mount Vernon, New York",10102,40.908502,-73.821554
400,10510,"Briarcliff Manor, New York",9963,41.138996999999996,-73.834891
401,11752,"Islip Terrace, New York",9881,40.755849,-73.17378000000001
402,11769,"Oakdale, New York",9729,40.736277,-73.129837
403,11740,"Greenlawn, New York",9647,40.865796,-73.363314
404,11771,"Oyster Bay, New York",9550,40.865967,-73.52587700000001
405,10044,"New York, New York",9520,40.76205,-73.949933
406,10707,"Tuckahoe, New York",9447,40.959962,-73.822722
407,10989,"Valley Cottage, New York",9381,41.122955,-73.93803100000001
408,10992,"Washingtonville, New York",9367,41.42199,-74.1638
409,11766,"Mount Sinai, New York",9365,40.935097,-73.01586400000001
410,10923,"Garnerville, New York",9273,41.203213,-74.002535
411,10970,"Pomona, New York",9222,41.19767,-74.07413000000001
412,10706,"Hastings On Hudson, New York",9187,40.990221999999996,-73.865543
413,11713,"Bellport, New York",9160,40.773594,-72.94543399999999
414,11565,"Malverne, New York",9140,40.675062,-73.671934
415,M5E,Berczy Park,9118,43.6447708,-79.3733064
416,10709,"Eastchester, New York",9093,40.952626,-73.809927
417,11777,"Port Jefferson, New York",9025,40.949875,-73.061723
418,11797,"Woodbury, New York",9005,40.820347999999996,-73.472077
419,10601,"White Plains, New York",8991,41.029565999999996,-73.75920699999999
420,10920,"Congers, New York",8937,41.153040000000004,-73.938131
421,11558,"Island Park, New York",8553,40.611321999999994,-73.66233100000001
422,10547,"Mohegan Lake, New York",8544,41.308707,-73.855615
423,11023,"Great Neck, New York",8501,40.799784,-73.73344499999999
424,M5G,Central Bay Street,8423,43.6579524,-79.3873826
425,11559,"Lawrence, New York",8103,40.60548,-73.716208
426,11705,"Bayport, New York",8007,40.743277,-73.055841
427,11096,"Inwood, New York",7975,40.621346,-73.75699
428,11557,"Hewlett, New York",7966,40.635065000000004,-73.691343
429,10579,"Putnam Valley, New York",7945,41.397661,-73.83913000000001
430,M2P,York Mills West,7843,43.7527583,-79.4000493
431,11507,"Albertson, New York",7755,40.770879,-73.652364
432,11789,"Sound Beach, New York",7660,40.957122999999996,-72.97126999999999
433,10507,"Bedford Hills, New York",7646,41.23259,-73.69264100000001
434,11024,"Great Neck, New York",7564,40.816373,-73.743736
435,10607,"White Plains, New York",7493,41.039089000000004,-73.811368
436,10523,"Elmsford, New York",7489,41.061817,-73.819281
437,10595,"Valhalla, New York",7482,41.087709000000004,-73.78577800000001
438,10533,"Irvington, New York",7464,41.039478,-73.850709
439,10930,"Highland Mills, New York",7400,41.361676,-74.113297
440,10589,"Somers, New York",7363,41.32863,-73.697168
441,10590,"South Salem, New York",7212,41.255441,-73.539322
442,10504,"Armonk, New York",7185,41.134968,-73.698635
443,11792,"Wading River, New York",7156,40.946438,-72.83550699999999
444,11709,"Bayville, New York",7135,40.908648,-73.560926
445,10996,"West Point, New York",7126,41.3937,-73.972175
446,11516,"Cedarhurst, New York",7068,40.627479,-73.727879
447,11363,"Little Neck, New York",6917,40.772591,-73.746472
448,11560,"Locust Valley, New York",6815,40.880757,-73.588724
449,11963,"Sag Harbor, New York",6664,40.98976,-72.315663
450,10280,"New York, New York",6614,40.708501,-74.016828
451,11934,"Center Moriches, New York",6539,40.798359000000005,-72.794297
452,10994,"West Nyack, New York",6493,41.098071999999995,-73.972649
453,11721,"Centerport, New York",6218,40.892021,-73.37080999999999
454,M3K,"CFB Toronto, Downsview East",5997,43.7374732,-79.46476329999999
455,11786,"Shoreham, New York",5883,40.944455,-72.886049
456,11933,"Calverton, New York",5857,40.917015,-72.754074
457,10983,"Tappan, New York",5756,41.031088000000004,-73.947703
458,10532,"Hawthorne, New York",5582,41.100192,-73.798695
459,10962,"Orangeburg, New York",5580,41.050504,-73.960154
460,11971,"Southold, New York",5575,41.059912,-72.42728199999999
461,10506,"Bedford, New York",5537,41.190889,-73.638479
462,10594,"Thornwood, New York",5460,41.110366,-73.767887
463,10928,"Highland Falls, New York",5358,41.34897,-73.99849499999999
464,11514,"Carle Place, New York",5214,40.74992,-73.614017
465,10516,"Cold Spring, New York",5190,41.4621,-73.875003
466,11579,"Sea Cliff, New York",5141,40.844004,-73.644012
467,10913,"Blauvelt, New York",5076,41.068258,-73.954975
468,11804,"Old Bethpage, New York",5014,40.766708,-73.451812
469,10925,"Greenwood Lake, New York",4986,41.222743,-74.292681
470,10560,"North Salem, New York",4941,41.340527,-73.59760899999999
471,10502,"Ardsley, New York",4935,41.014059,-73.839744
472,11952,"Mattituck, New York",4680,41.001012,-72.543737
473,10963,"Otisville, New York",4660,41.472208,-74.54299
474,10464,"Bronx, New York",4634,40.867098999999996,-73.797609
475,10576,"Pound Ridge, New York",4530,41.221577,-73.57233199999999
476,11715,"Blue Point, New York",4407,40.749738,-73.034888
477,11940,"East Moriches, New York",4347,40.809637,-72.75974000000001
478,10993,"West Haverstraw, New York",4263,41.209896,-73.973842
479,10018,"New York, New York",4255,40.754969,-73.992126
480,10524,"Garrison, New York",4232,41.375242,-73.92612199999999
481,11697,"Breezy Point, New York",4226,40.555681,-73.920688
482,11980,"Yaphank, New York",4221,40.831652000000005,-72.92376
483,10548,"Montrose, New York",4076,41.247875,-73.941802
484,10916,"Campbell Hall, New York",4070,41.442343,-74.250577
485,11020,"Great Neck, New York",4043,40.770007,-73.712974
486,11568,"Old Westbury, New York",3992,40.786513,-73.598478
487,11942,"East Quogue, New York",3981,40.850055,-72.587962
488,10921,"Florida, New York",3879,41.328266,-74.37226899999999
489,11954,"Montauk, New York",3851,41.047283,-71.949541
490,11796,"West Sayville, New York",3835,40.729245,-73.099841
491,11732,"East Norwich, New York",3804,40.852903999999995,-73.537599
492,11978,"Westhampton Beach, New York",3800,40.829341,-72.629768
493,11944,"Greenport, New York",3705,41.106515,-72.369487
494,10998,"Westtown, New York",3648,41.324048,-74.54119200000001
495,10007,"New York, New York",3522,40.713972999999996,-74.008336
496,10577,"Purchase, New York",3454,41.041731,-73.709727
497,11935,"Cutchogue, New York",3444,41.021223,-72.486958
498,10926,"Harriman, New York",3275,41.27644,-74.116509
499,10974,"Sloatsburg, New York",3183,41.154309999999995,-74.20046500000001
500,10987,"Tuxedo Park, New York",3148,41.199212,-74.22454499999999
501,11718,"Brightwaters, New York",3061,40.723177,-73.268488
502,11724,"Cold Spring Harbor, New York",3040,40.8565,-73.452894
503,10958,"New Hampton, New York",2967,41.379281,-74.423711
504,11719,"Brookhaven, New York",2965,40.780747999999996,-72.909617
505,M5C,St. James Town,2951,43.6514939,-79.3754179
506,11509,"Atlantic Beach, New York",2861,40.587962,-73.72971
507,11955,"Moriches, New York",2652,40.809125,-72.816096
508,11548,"Greenvale, New York",2514,40.814616,-73.622003
509,10968,"Piermont, New York",2424,41.036334000000004,-73.921633
510,10984,"Thiells, New York",2298,41.202903000000006,-74.022265
511,11941,"Eastport, New York",2275,40.828756,-72.718536
512,11005,"Floral Park, New York",2195,40.756578000000005,-73.714178
513,10511,"Buchanan, New York",2189,41.261063,-73.948349
514,11977,"Westhampton, New York",2143,40.844797,-72.69499300000001
515,10537,"Lake Peekskill, New York",2032,41.355369,-73.879979
516,10588,"Shrub Oak, New York",2006,41.316837,-73.829264
517,M5H,"Adelaide, King, Richmond",2005,43.65057120000001,-79.3845675
518,10973,"Slate Hill, New York",1887,41.380516,-74.480462
519,11976,"Water Mill, New York",1822,40.929237,-72.34741
520,10976,"Sparkill, New York",1795,41.021423,-73.922172
521,10986,"Tomkins Cove, New York",1739,41.272382,-73.985586
522,10162,"New York, New York",1726,40.769298,-73.94994200000001
523,10526,"Goldens Bridge, New York",1652,41.294835,-73.662114
524,10917,"Central Valley, New York",1650,41.322562,-74.120871
525,10282,"New York, New York",1574,40.717017,-74.015566
526,11569,"Point Lookout, New York",1559,40.608435,-73.590373
527,10518,"Cross River, New York",1552,41.277015999999996,-73.602519
528,10006,"New York, New York",1447,40.70797,-74.01361
529,11932,"Bridgehampton, New York",1429,40.939791,-72.308369
530,10069,"New York, New York",1403,40.775551,-73.989689
531,10964,"Palisades, New York",1282,41.017210999999996,-73.91386999999999
532,10004,"New York, New York",1225,40.69187,-74.01410899999999
533,10546,"Millwood, New York",1224,41.203621000000005,-73.796171
534,11930,"Amagansett, New York",1167,40.988145,-72.10467299999999
535,11964,"Shelter Island, New York",1148,41.055701,-72.316976
536,10527,"Granite Springs, New York",1097,41.321183000000005,-73.769878
537,10969,"Pine Island, New York",1084,41.294796000000005,-74.487978
538,11965,"Shelter Island Heights, New York",1080,41.076855,-72.34189599999999
539,11959,"Quogue, New York",1015,40.827003000000005,-72.602522
540,11948,"Laurel, New York",903,40.963769,-72.553554
541,10005,"New York, New York",884,40.70539,-74.008988
542,10931,"Hillburn, New York",881,41.127584000000006,-74.170333
543,10501,"Amawalk, New York",843,41.288104,-73.759211
544,11960,"Remsenburg, New York",822,40.806461999999996,-72.70246
545,11939,"East Marion, New York",777,41.135116,-72.339675
546,11765,"Mill Neck, New York",732,40.881909,-73.553311
547,11972,"Speonk, New York",692,40.818205,-72.701844
548,11547,"Glenwood Landing, New York",666,40.830929,-73.643958
549,11957,"Orient, New York",662,41.153376,-72.263818
550,10578,"Purdys, New York",661,41.320276,-73.678991
551,10919,"Circleville, New York",562,41.526746,-74.378036
552,11042,"New Hyde Park, New York",513,40.758295000000004,-73.697102
553,10597,"Waccabuc, New York",445,41.292024,-73.606222
554,11958,"Peconic, New York",445,41.039066999999996,-72.46441899999999
555,10535,"Jefferson Valley, New York",416,41.335169,-73.79391899999999
556,11962,"Sagaponack, New York",405,40.938156,-72.26965
557,11975,"Wainscott, New York",398,40.941107,-72.244466
558,11970,"South Jamesport, New York",319,40.94066,-72.57310799999999
559,11956,"New Suffolk, New York",316,40.976187,-72.466401
560,10975,"Southfields, New York",307,41.267078999999995,-74.172263
561,6390,"Fishers Island, New York",289,41.277367,-71.95269300000001
562,11430,"Jamaica, New York",229,40.650915999999995,-73.788526
563,11947,"Jamesport, New York",218,40.947855,-72.575934
564,11770,"Ocean Beach, New York",190,40.644757,-73.160803
565,10519,"Croton Falls, New York",156,41.342055,-73.66109499999999
566,10503,"Ardsley On Hudson, New York",115,41.02556,-73.874987
